DATE,TRADING_CODE,LTP,HIGH,LOW,OPENP,CLOSEP,YCP,TRADE,VALUE_MN,VOLUME
2021-08-02,ACI,285.5,289.0,282.6,284.0,285.5,281.9,859.0,41.313,144789.0
2021-07-29,ACI,281.9,285.0,273.7,273.8,281.9,274.6,1064.0,71.964,255573.0
2021-07-28,ACI,274.6,280.0,269.2,271.7,274.6,271.1,438.0,34.86,128130.0
2021-07-27,ACI,271.1,271.4,269.0,270.3,271.1,270.4,186.0,14.564,53802.0
2021-07-26,ACI,270.4,272.0,269.2,270.2,270.4,271.9,355.0,19.23,71158.0
2021-07-25,ACI,271.9,273.8,268.2,273.8,271.9,271.1,242.0,29.501,109150.0
2021-07-19,ACI,271.1,274.8,269.0,271.1,271.1,271.6,360.0,17.741,65305.0
2021-07-18,ACI,271.6,273.6,270.0,272.1,271.6,272.0,364.0,17.161,63177.0
2021-07-15,ACI,272.0,273.5,270.0,271.5,272.0,271.5,349.0,13.944,51313.0
2021-07-14,ACI,269.0,272.8,267.3,271.2,271.5,271.1,363.0,15.288,56675.0
2021-07-13,ACI,271.1,278.0,266.5,266.5,271.1,265.8,407.0,18.278,67577.0
2021-07-12,ACI,266.0,266.7,263.5,265.1,265.8,265.0,202.0,12.316,46447.0
2021-07-08,ACI,265.0,265.5,263.5,264.5,265.0,264.7,261.0,9.389,35451.0
2021-07-07,ACI,265.0,265.0,260.1,265.0,264.7,266.7,111.0,4.145,15659.0
2021-07-06,ACI,261.5,267.9,260.0,264.9,266.7,260.8,220.0,18.046,68086.0
2021-07-05,ACI,263.0,265.0,259.4,265.0,260.8,263.7,339.0,16.164,61906.0
2021-06-30,ACI,264.0,266.9,263.5,265.5,263.7,263.8,239.0,15.724,59401.0
2021-06-29,ACI,264.9,265.3,260.3,261.1,263.8,260.0,390.0,18.452,69938.0
2021-06-28,ACI,263.9,263.9,258.2,258.9,260.0,258.9,218.0,20.55,78990.0
2021-06-27,ACI,258.9,262.8,250.0,260.0,258.9,263.4,175.0,9.537,36960.0
2021-06-24,ACI,263.4,264.1,261.0,261.0,263.4,262.1,144.0,5.208,19806.0
2021-06-23,ACI,262.1,265.0,261.0,263.9,262.1,263.9,293.0,9.74,37108.0
2021-06-22,ACI,263.5,265.7,263.5,264.1,263.9,264.2,230.0,11.901,45031.0
2021-06-21,ACI,263.9,267.9,263.9,264.4,264.2,265.0,244.0,12.393,46869.0
2021-06-20,ACI,265.4,265.4,260.8,263.5,265.0,263.5,241.0,7.86,29915.0
2021-06-17,ACI,263.5,267.0,263.3,266.0,263.5,263.7,349.0,21.24,80374.0
2021-06-16,ACI,263.3,267.0,263.3,267.0,263.7,269.7,536.0,36.596,138168.0
2021-06-15,ACI,268.7,272.0,265.0,270.0,269.7,269.1,457.0,52.332,193645.0
2021-06-14,ACI,269.1,285.3,266.3,285.3,269.1,262.5,1539.0,105.844,387893.0
2021-06-13,ACI,262.5,265.0,260.6,264.5,262.5,264.5,387.0,21.094,80313.0
2021-06-10,ACI,264.5,266.5,261.1,261.5,264.5,261.5,1176.0,77.926,293957.0
2021-06-09,ACI,261.5,266.4,260.0,262.6,261.5,262.5,832.0,45.641,172867.0
2021-06-08,ACI,260.0,265.0,258.1,261.0,262.5,261.1,910.0,39.498,151294.0
2021-06-07,ACI,261.1,265.0,253.0,253.0,261.1,253.8,1685.0,94.824,362013.0
2021-06-06,ACI,252.0,255.6,246.8,247.0,253.8,246.6,702.0,31.136,124036.0
2021-06-03,ACI,248.1,248.8,246.0,247.6,246.6,247.6,427.0,16.251,65734.0
2021-06-02,ACI,247.2,248.5,246.2,246.2,247.6,247.1,219.0,6.665,26943.0
2021-06-01,ACI,247.1,249.0,245.6,246.5,247.1,246.3,342.0,9.902,40071.0
2021-05-31,ACI,246.9,248.9,246.0,247.0,246.3,246.4,366.0,10.24,41487.0
2021-05-30,ACI,246.4,247.8,246.1,247.8,246.4,247.8,370.0,12.196,49431.0
2021-05-27,ACI,247.8,249.6,246.6,249.6,247.8,249.3,403.0,12.862,51948.0
2021-05-25,ACI,249.3,256.0,244.0,256.0,249.3,256.2,1073.0,43.509,174981.0
2021-05-24,ACI,256.2,262.0,250.4,255.5,256.2,255.2,336.0,9.86,38552.0
2021-05-23,ACI,255.2,258.0,249.6,254.6,255.2,254.6,630.0,25.168,99954.0
2021-05-20,ACI,254.6,260.0,253.0,260.0,254.6,262.1,412.0,11.985,46822.0
2021-05-19,ACI,262.1,268.5,260.1,265.4,262.1,265.4,281.0,8.235,31333.0
2021-05-18,ACI,265.4,269.9,253.1,257.0,265.4,255.2,1018.0,50.242,191318.0
2021-05-17,ACI,256.9,257.5,251.9,254.5,255.2,254.5,594.0,24.437,96109.0
2021-05-16,ACI,254.5,257.9,253.0,255.3,254.5,254.3,257.0,5.889,23127.0
2021-05-12,ACI,254.3,256.8,250.1,256.8,254.3,256.0,242.0,6.28,24710.0
2021-05-11,ACI,256.0,257.0,251.1,251.1,256.0,255.2,449.0,12.453,48682.0
2021-05-09,ACI,255.2,256.0,248.0,249.0,255.2,247.2,761.0,24.734,97538.0
2021-05-06,ACI,248.8,258.0,241.7,244.0,247.2,241.5,383.0,12.035,48541.0
2021-05-05,ACI,243.5,246.1,239.6,243.0,241.5,242.6,275.0,12.232,50537.0
2021-05-04,ACI,242.6,244.8,241.2,243.2,242.6,243.8,155.0,5.329,21996.0
2021-05-03,ACI,243.8,245.0,241.9,241.9,243.8,243.7,188.0,3.488,14328.0
2021-05-02,ACI,243.7,245.0,241.0,241.1,243.7,241.9,195.0,6.329,26062.0
2021-04-29,ACI,241.9,243.3,240.1,240.1,241.9,242.5,111.0,2.54,10494.0
2021-04-28,ACI,242.5,243.9,241.5,243.9,242.5,243.2,148.0,3.81,15689.0
2021-04-27,ACI,243.2,244.8,240.3,243.0,243.2,242.7,235.0,7.163,29451.0
2021-04-26,ACI,242.7,248.9,242.0,244.0,242.7,243.6,139.0,4.867,19976.0
2021-04-25,ACI,244.5,245.0,242.2,244.9,243.6,242.5,177.0,4.948,20295.0
2021-04-22,ACI,242.5,244.0,241.0,244.0,242.5,243.1,122.0,4.298,17741.0
2021-04-21,ACI,243.8,244.8,241.8,243.0,243.1,243.4,60.0,1.091,4491.0
2021-04-20,ACI,243.4,244.9,242.0,244.9,243.4,242.2,81.0,2.068,8504.0
2021-04-19,ACI,242.6,242.6,239.0,240.0,242.2,238.8,76.0,1.465,6073.0
2021-04-18,ACI,238.8,240.0,235.1,235.1,238.8,236.8,114.0,2.463,10346.0
2021-04-15,ACI,236.8,237.8,234.0,234.0,236.8,236.0,71.0,1.812,7660.0
2021-04-13,ACI,236.0,237.0,230.0,230.0,236.0,230.1,129.0,3.94,16863.0
2021-04-12,ACI,230.1,239.3,221.3,221.3,230.1,227.3,64.0,1.162,5061.0
2021-04-11,ACI,230.0,232.0,225.0,232.0,227.3,232.0,175.0,2.776,12263.0
2021-04-08,ACI,232.0,238.0,225.0,228.0,232.0,237.2,186.0,5.418,23574.0
2021-04-07,ACI,237.1,240.7,235.6,240.0,237.2,236.0,99.0,1.558,6548.0
2021-04-06,ACI,238.0,239.0,233.0,234.0,236.0,230.3,146.0,2.517,10676.0
2021-04-05,ACI,228.1,233.9,221.0,221.0,230.3,227.8,71.0,2.105,9101.0
2021-04-04,ACI,227.8,235.0,225.1,231.2,227.8,242.1,262.0,5.607,24295.0
2021-04-01,ACI,239.2,244.0,235.1,239.1,242.1,240.2,262.0,4.239,17744.0
2021-03-31,ACI,240.2,244.8,239.9,243.5,240.2,243.2,215.0,4.293,17808.0
2021-03-29,ACI,242.7,245.9,242.5,245.9,243.2,242.9,115.0,2.918,11936.0
2021-03-28,ACI,243.0,245.4,242.1,243.5,242.9,243.5,48.0,0.669,2752.0
2021-03-25,ACI,243.4,245.5,242.2,244.5,243.5,242.6,102.0,1.734,7130.0
2021-03-24,ACI,242.3,246.3,242.2,243.0,242.6,244.7,153.0,2.038,8375.0
2021-03-23,ACI,244.7,248.0,243.0,245.9,244.7,244.6,266.0,6.6,26793.0
2021-03-22,ACI,248.9,249.0,242.7,245.2,244.6,247.6,325.0,6.243,25508.0
2021-03-21,ACI,248.5,251.7,246.1,248.1,247.6,250.3,197.0,7.385,29852.0
2021-03-18,ACI,250.3,255.0,249.0,253.0,250.3,253.7,289.0,7.604,30330.0
2021-03-16,ACI,253.0,254.5,248.6,248.6,253.7,249.5,593.0,12.044,47554.0
2021-03-15,ACI,248.2,251.9,247.1,249.3,249.5,249.3,227.0,6.833,27471.0
2021-03-14,ACI,248.1,251.7,247.1,250.0,249.3,249.7,248.0,5.465,22012.0
2021-03-11,ACI,249.7,250.5,246.1,247.9,249.7,247.9,230.0,4.974,19951.0
2021-03-10,ACI,248.4,254.6,246.2,254.6,247.9,253.5,362.0,6.585,26414.0
2021-03-09,ACI,253.0,256.6,252.9,255.5,253.5,255.4,334.0,10.729,42104.0
2021-03-08,ACI,255.4,256.0,251.1,251.1,255.4,253.3,628.0,20.655,81113.0
2021-03-07,ACI,253.3,255.7,245.6,247.0,253.3,246.8,547.0,18.537,73830.0
2021-03-04,ACI,246.5,246.9,243.0,243.2,246.8,243.2,205.0,4.991,20303.0
2021-03-03,ACI,243.2,244.8,243.0,243.1,243.2,243.7,155.0,3.452,14161.0
2021-03-02,ACI,243.7,245.8,242.3,242.5,243.7,242.6,168.0,4.341,17763.0
2021-03-01,ACI,242.1,243.8,242.0,243.8,242.6,242.4,100.0,2.433,10033.0
2021-02-28,ACI,243.0,244.9,241.6,243.0,242.4,243.0,125.0,3.168,13059.0
2021-02-25,ACI,243.0,244.0,240.6,244.0,243.0,243.1,216.0,5.324,21967.0
2021-02-24,ACI,240.8,245.0,240.0,242.5,243.1,241.1,255.0,11.613,47981.0
2021-02-23,ACI,241.1,245.8,238.6,240.8,241.1,240.8,180.0,6.656,27529.0
2021-02-22,ACI,241.0,242.2,236.5,242.1,240.8,242.0,159.0,5.434,22652.0
2021-02-18,ACI,242.0,243.0,241.8,243.0,242.0,241.0,143.0,8.053,33215.0
2021-02-17,ACI,241.0,242.8,241.0,242.8,241.0,242.6,199.0,12.765,52897.0
2021-02-16,ACI,242.6,243.0,240.0,240.1,242.6,239.6,126.0,3.577,14784.0
2021-02-15,ACI,239.6,244.0,238.3,242.3,239.6,241.9,458.0,11.78,48950.0
2021-02-14,ACI,241.5,243.9,240.0,242.0,241.9,241.4,167.0,3.116,12946.0
2021-02-11,ACI,241.0,248.0,241.0,244.4,241.4,244.3,320.0,9.81,40563.0
2021-02-10,ACI,244.1,249.6,244.0,249.6,244.3,247.6,357.0,13.874,56492.0
2021-02-09,ACI,247.6,249.8,245.1,249.7,247.6,247.2,288.0,13.32,53876.0
2021-02-08,ACI,247.2,253.0,246.2,251.9,247.2,251.3,360.0,17.896,71780.0
2021-02-07,ACI,251.3,252.9,250.0,251.6,251.3,252.7,227.0,11.408,45426.0
2021-02-04,ACI,252.7,254.2,250.1,252.0,252.7,252.8,294.0,11.062,43982.0
2021-02-03,ACI,251.5,254.5,251.3,254.0,252.8,252.5,434.0,9.728,38585.0
2021-02-02,ACI,253.7,257.0,251.0,256.0,252.5,256.2,328.0,16.229,63819.0
2021-02-01,ACI,256.0,260.5,256.0,260.0,256.2,259.8,255.0,10.072,39269.0
2021-01-31,ACI,259.8,265.0,255.1,264.9,259.8,257.1,724.0,30.859,119547.0
2021-01-28,ACI,259.0,260.8,256.8,258.0,257.1,257.5,297.0,11.608,44948.0
2021-01-27,ACI,258.4,259.0,255.1,255.1,257.5,256.6,164.0,5.281,20519.0
2021-01-26,ACI,260.0,261.0,256.0,259.0,256.6,260.4,472.0,18.568,72082.0
2021-01-25,ACI,259.5,265.9,259.3,265.1,260.4,265.9,578.0,25.368,96808.0
2021-01-24,ACI,265.9,269.8,264.2,264.2,265.9,263.9,365.0,14.474,54309.0
2021-01-21,ACI,263.9,266.0,260.0,265.7,263.9,262.3,499.0,35.905,136612.0
2021-01-20,ACI,262.3,268.5,261.2,268.0,262.3,266.0,579.0,24.964,94307.0
2021-01-19,ACI,265.5,276.9,262.0,262.0,266.0,261.9,924.0,47.035,174397.0
2021-01-18,ACI,261.9,262.4,254.4,256.1,261.9,257.4,777.0,39.325,151644.0
2021-01-17,ACI,257.2,262.0,253.1,253.1,257.4,256.6,393.0,22.582,87954.0
2021-01-14,ACI,256.6,258.2,254.3,255.0,256.6,255.5,455.0,22.981,89512.0
2021-01-13,ACI,255.5,257.9,254.0,255.3,255.5,255.3,840.0,43.055,168324.0
2021-01-12,ACI,257.0,261.9,253.3,257.0,255.3,259.3,612.0,34.649,135561.0
2021-01-11,ACI,257.0,263.9,247.6,249.0,259.3,248.5,1387.0,74.226,292520.0
2021-01-10,ACI,248.5,248.9,245.1,245.1,248.5,246.4,353.0,21.63,87377.0
2021-01-07,ACI,246.4,248.2,245.5,246.4,246.4,246.7,352.0,18.462,74731.0
2021-01-06,ACI,246.7,249.5,245.8,247.3,246.7,247.4,263.0,16.258,65662.0
2021-01-05,ACI,247.0,251.5,245.0,249.9,247.4,248.4,558.0,25.916,103947.0
2021-01-04,ACI,248.4,250.4,246.2,248.7,248.4,248.7,539.0,26.245,105678.0
2021-01-03,ACI,248.7,253.8,244.0,246.0,248.7,246.0,837.0,38.899,156284.0
2020-12-30,ACI,246.0,250.4,243.2,248.4,246.0,247.2,743.0,43.592,176090.0
2020-12-29,ACI,247.2,249.0,243.0,244.1,247.2,244.1,754.0,29.379,119419.0
2020-12-28,ACI,244.0,245.0,239.0,240.1,244.1,239.1,664.0,24.144,99588.0
2020-12-27,ACI,240.8,240.8,238.0,239.0,239.1,241.0,769.0,29.939,125049.0
2020-12-24,ACI,240.9,241.9,239.0,241.0,241.0,240.8,285.0,10.177,42364.0
2020-12-23,ACI,241.0,241.5,238.5,238.5,240.8,240.2,374.0,14.26,59501.0
2020-12-22,ACI,240.2,243.8,240.1,241.0,240.2,240.5,268.0,8.267,34372.0
2020-12-21,ACI,244.0,244.5,240.0,242.0,240.5,240.4,522.0,15.096,62435.0
2020-12-20,ACI,242.9,249.0,240.0,249.0,240.4,248.7,626.0,24.756,102072.0
2020-12-17,ACI,248.7,252.0,247.2,252.0,248.7,249.7,250.0,7.764,31135.0
2020-12-15,ACI,249.7,251.9,244.1,244.1,249.7,245.3,1050.0,37.775,151766.0
2020-12-14,ACI,246.0,246.9,243.2,245.5,245.3,245.0,359.0,14.988,61237.0
2020-12-13,ACI,244.0,247.5,244.0,246.0,245.0,245.2,481.0,20.111,81502.0
2020-12-10,ACI,245.7,248.0,244.0,245.2,245.2,245.1,432.0,14.284,58206.0
2020-12-09,ACI,245.1,247.5,244.7,245.1,245.1,247.2,323.0,16.913,68912.0
2020-12-08,ACI,247.2,249.1,244.9,246.5,247.2,245.5,550.0,16.202,65501.0
2020-12-07,ACI,247.0,247.8,239.0,239.0,245.5,238.8,630.0,20.93,85948.0
2020-12-06,ACI,238.8,243.0,236.0,243.0,238.8,242.2,606.0,15.044,62968.0
2020-12-03,ACI,243.5,244.5,240.0,244.3,242.2,244.3,443.0,15.683,64590.0
2020-12-02,ACI,244.3,247.5,240.0,247.5,244.3,266.6,757.0,31.715,130196.0
2020-12-01,ACI,0.0,0.0,0.0,0.0,266.6,266.6,0.0,0.0,0.0
2020-11-30,ACI,266.6,267.9,261.0,265.8,266.6,264.7,983.0,34.5,130035.0
2020-11-29,ACI,264.6,268.8,263.1,268.8,264.7,266.0,560.0,20.341,76415.0
2020-11-26,ACI,266.0,268.4,264.0,265.9,266.0,265.9,628.0,20.884,78227.0
2020-11-25,ACI,265.9,268.7,261.3,262.0,265.9,261.5,899.0,26.283,98968.0
2020-11-24,ACI,262.7,262.9,257.0,262.9,261.5,259.5,461.0,14.409,55363.0
2020-11-23,ACI,258.8,261.8,253.0,259.0,259.5,258.5,337.0,10.751,41786.0
2020-11-22,ACI,261.0,265.0,258.0,263.4,258.5,262.2,515.0,19.593,74969.0
2020-11-19,ACI,261.7,265.0,251.3,254.0,261.8,252.3,982.0,30.573,117640.0
2020-11-18,ACI,252.4,254.9,249.2,251.9,252.3,251.9,287.0,8.37,33225.0
2020-11-17,ACI,250.8,258.0,250.6,252.0,251.9,250.6,325.0,11.513,45441.0
2020-11-16,ACI,251.0,253.0,249.5,251.8,250.6,251.3,270.0,6.612,26375.0
2020-11-15,ACI,250.2,257.9,250.0,253.5,251.3,253.3,405.0,11.117,43878.0
2020-11-12,ACI,252.2,257.0,252.1,257.0,253.3,256.5,554.0,11.039,43550.0
2020-11-11,ACI,257.0,263.0,255.5,263.0,256.5,262.8,532.0,15.289,59343.0
2020-11-10,ACI,260.4,268.8,255.5,263.8,262.8,254.3,1482.0,58.62,222779.0
2020-11-09,ACI,255.9,260.0,253.5,257.9,254.3,256.4,255.0,7.129,27772.0
2020-11-08,ACI,257.0,257.1,244.1,244.1,256.4,248.5,339.0,10.106,40121.0
2020-11-05,ACI,252.5,254.0,247.9,250.1,248.5,250.7,215.0,6.19,24747.0
2020-11-04,ACI,250.7,256.9,250.1,255.5,250.7,256.0,268.0,5.71,22645.0
2020-11-03,ACI,256.7,257.4,254.1,256.8,256.0,256.8,170.0,3.115,12153.0
2020-11-02,ACI,256.7,257.0,249.9,250.0,256.8,249.1,478.0,12.357,48335.0
2020-11-01,ACI,247.0,250.0,245.5,245.5,249.1,248.3,110.0,2.044,8235.0
2020-10-29,ACI,248.8,253.5,246.0,247.0,248.3,251.7,127.0,2.346,9463.0
2020-10-28,ACI,250.1,252.8,245.3,252.8,251.7,252.8,126.0,4.617,18425.0
2020-10-27,ACI,249.0,254.0,246.0,253.5,252.8,253.5,136.0,3.337,13293.0
2020-10-25,ACI,251.8,254.0,249.8,252.2,253.5,251.2,103.0,2.923,11592.0
2020-10-22,ACI,250.8,257.9,250.5,257.6,251.2,257.6,153.0,4.211,16703.0
2020-10-21,ACI,258.6,258.6,253.0,256.0,257.6,253.8,257.0,7.655,29846.0
2020-10-20,ACI,255.0,257.8,253.6,256.9,253.8,256.9,113.0,2.617,10233.0
2020-10-19,ACI,256.7,257.5,253.1,257.0,256.9,256.5,252.0,5.616,21914.0
2020-10-18,ACI,257.0,258.3,247.0,247.0,256.5,245.5,562.0,17.3,67813.0
2020-10-15,ACI,244.0,247.5,243.0,247.0,245.5,246.0,183.0,3.933,16010.0
2020-10-14,ACI,246.0,246.8,243.0,245.2,246.0,245.2,127.0,2.155,8771.0
2020-10-13,ACI,246.0,247.0,241.2,241.2,245.2,243.3,146.0,1.693,6916.0
2020-10-12,ACI,242.9,246.9,242.2,246.9,243.3,247.1,204.0,3.841,15777.0
2020-10-11,ACI,247.1,251.3,246.0,251.3,247.1,251.3,221.0,5.766,23336.0
2020-10-08,ACI,253.3,253.3,246.0,246.0,251.3,245.8,258.0,6.147,24588.0
2020-10-07,ACI,245.2,250.0,245.2,249.0,245.8,249.0,275.0,4.693,18964.0
2020-10-06,ACI,246.8,250.0,246.0,246.3,249.0,245.8,139.0,2.915,11749.0
2020-10-05,ACI,245.1,255.4,245.1,255.4,245.8,255.4,441.0,9.417,37775.0
2020-10-04,ACI,256.7,262.8,253.5,260.0,255.4,259.9,217.0,5.261,20403.0
2020-10-01,ACI,262.0,262.0,251.0,251.0,259.9,250.6,325.0,9.894,38529.0
2020-09-30,ACI,250.2,254.8,249.1,254.8,250.6,254.7,305.0,7.878,31413.0
2020-09-29,ACI,257.5,258.0,253.5,258.0,254.7,254.9,158.0,3.733,14657.0
2020-09-28,ACI,254.1,260.9,254.0,257.0,254.9,255.8,240.0,6.634,25866.0
2020-09-27,ACI,255.6,262.4,255.5,261.0,255.8,260.0,203.0,5.431,21088.0
2020-09-24,ACI,261.0,261.2,254.5,256.5,260.0,256.3,295.0,15.099,58261.0
2020-09-23,ACI,256.0,261.4,255.3,258.9,256.3,256.2,118.0,3.215,12475.0
2020-09-22,ACI,257.9,258.8,256.0,257.0,256.2,257.4,171.0,5.114,19931.0
2020-09-21,ACI,257.0,265.0,256.0,262.3,257.4,263.3,281.0,9.251,35542.0
2020-09-20,ACI,263.1,267.9,263.0,265.5,263.3,264.9,233.0,5.526,20897.0
2020-09-17,ACI,265.5,266.9,263.3,265.2,264.9,265.2,183.0,5.535,20873.0
2020-09-16,ACI,265.5,270.0,265.0,270.0,265.2,267.8,201.0,5.159,19377.0
2020-09-15,ACI,267.0,268.4,263.1,268.0,267.8,264.5,554.0,18.467,69066.0
2020-09-14,ACI,266.0,266.2,262.7,264.3,264.5,266.3,250.0,8.369,31746.0
2020-09-13,ACI,263.6,268.5,257.2,259.8,266.3,257.1,620.0,24.391,92467.0
2020-09-10,ACI,256.5,257.9,255.0,257.6,257.1,257.1,246.0,7.292,28446.0
2020-09-09,ACI,258.0,260.0,255.8,257.1,257.1,256.8,249.0,7.633,29734.0
2020-09-08,ACI,257.0,261.0,255.0,258.8,256.8,255.4,474.0,17.276,66875.0
2020-09-07,ACI,255.0,257.9,253.5,256.8,255.4,252.9,443.0,16.744,65630.0
2020-09-06,ACI,255.6,261.0,251.7,261.0,252.9,259.6,696.0,21.588,84617.0
2020-09-03,ACI,258.5,265.2,258.0,265.1,259.6,266.3,767.0,21.968,84169.0
2020-09-02,ACI,266.0,270.4,265.5,270.4,266.3,270.4,569.0,15.628,58395.0
2020-09-01,ACI,272.2,274.0,269.5,270.5,270.4,270.5,457.0,13.332,49062.0
2020-08-31,ACI,269.7,276.0,269.7,276.0,270.5,273.4,524.0,25.588,94125.0
2020-08-27,ACI,275.0,276.1,272.3,276.0,273.4,274.7,400.0,18.53,67588.0
2020-08-26,ACI,274.4,277.0,270.0,273.1,274.7,273.1,574.0,21.915,79968.0
2020-08-25,ACI,273.5,275.0,268.4,268.4,273.1,270.4,381.0,14.609,53446.0
2020-08-24,ACI,270.0,278.0,270.0,278.0,270.4,274.9,403.0,13.498,49640.0
2020-08-23,ACI,273.3,278.0,271.2,276.5,274.9,276.5,514.0,20.491,74671.0
2020-08-20,ACI,278.0,281.0,276.0,280.0,276.5,279.0,387.0,12.324,44560.0
2020-08-19,ACI,277.0,282.0,275.0,278.9,279.0,276.3,560.0,31.906,114789.0
2020-08-18,ACI,277.0,283.0,271.0,283.0,276.3,281.9,661.0,28.315,102270.0
2020-08-17,ACI,283.0,288.0,280.0,286.0,281.9,284.0,689.0,27.106,95575.0
2020-08-16,ACI,283.9,286.9,274.1,276.0,284.0,269.4,1293.0,56.845,201673.0
2020-08-13,ACI,273.0,278.0,259.0,268.1,269.4,267.5,794.0,26.593,99906.0
2020-08-12,ACI,269.0,269.0,262.5,264.1,267.5,265.2,733.0,31.305,117988.0
2020-08-10,ACI,264.3,271.0,263.0,269.1,265.2,269.0,984.0,38.81,146119.0
2020-08-09,ACI,268.0,276.2,262.1,262.1,269.0,261.9,1043.0,55.02,203746.0
2020-08-06,ACI,264.0,266.0,249.7,251.0,261.9,250.6,1064.0,39.361,153768.0
2020-08-05,ACI,250.3,256.1,245.1,255.9,250.6,255.9,624.0,23.471,93831.0
2020-08-04,ACI,257.5,260.0,248.4,249.0,255.9,249.0,754.0,26.567,103405.0
2020-08-03,ACI,249.3,254.0,243.2,245.0,249.0,242.3,901.0,35.042,139763.0
2020-07-30,ACI,244.0,245.0,236.0,238.7,242.3,238.8,875.0,24.471,101852.0
2020-07-29,ACI,236.0,239.9,231.0,232.0,238.8,229.5,881.0,32.106,136307.0
2020-07-28,ACI,230.0,232.5,223.0,232.5,229.5,234.5,944.0,21.432,93345.0
2020-07-27,ACI,233.0,238.7,225.5,228.0,234.5,223.5,1439.0,47.899,206465.0
2020-07-26,ACI,229.0,229.1,210.0,210.0,223.5,210.7,1489.0,39.402,181208.0
2020-07-23,ACI,210.2,212.3,208.1,210.3,210.7,210.3,562.0,12.994,61508.0
2020-07-22,ACI,211.0,211.1,208.0,209.4,210.3,209.4,567.0,12.842,61222.0
2020-07-21,ACI,210.0,210.0,205.8,206.3,209.4,206.4,510.0,13.375,64406.0
2020-07-20,ACI,207.0,207.0,203.0,203.0,206.4,205.4,512.0,11.965,58212.0
2020-07-19,ACI,204.0,207.0,203.5,207.0,205.4,208.0,341.0,7.249,35399.0
2020-07-16,ACI,208.2,209.9,207.6,208.0,208.0,208.1,518.0,10.883,52204.0
2020-07-15,ACI,208.5,208.9,205.5,205.6,208.1,207.7,505.0,11.618,56084.0
2020-07-14,ACI,208.8,212.9,206.0,209.4,207.7,209.3,554.0,15.612,74735.0
2020-07-13,ACI,210.0,215.0,207.5,213.7,209.3,213.7,632.0,15.102,71577.0
2020-07-12,ACI,213.5,215.0,205.5,210.0,213.7,208.0,870.0,25.151,118840.0
2020-07-09,ACI,208.5,210.5,199.6,200.1,208.0,200.7,1160.0,34.657,167651.0
2020-07-08,ACI,201.5,205.0,199.6,201.9,200.7,201.9,886.0,21.641,106796.0
2020-07-07,ACI,202.0,203.5,196.5,197.8,201.9,197.4,761.0,19.804,98599.0
2020-07-06,ACI,198.0,198.6,191.0,192.6,197.4,192.6,500.0,13.61,69717.0
2020-07-05,ACI,194.7,197.4,191.5,197.1,192.6,198.0,551.0,8.753,45213.0
2020-07-02,ACI,197.4,203.1,197.3,203.1,198.0,204.2,728.0,12.919,65034.0
2020-06-30,ACI,204.0,204.9,200.7,203.0,204.2,200.8,813.0,19.656,96941.0
2020-06-29,ACI,201.6,203.0,197.0,197.1,200.8,197.6,763.0,17.515,87537.0
2020-06-28,ACI,197.2,198.0,192.8,192.8,197.6,193.1,834.0,17.077,87198.0
2020-06-25,ACI,193.3,193.7,192.0,192.0,193.1,192.5,331.0,7.466,38716.0
2020-06-24,ACI,192.7,192.8,191.5,191.5,192.5,192.4,206.0,4.089,21265.0
2020-06-23,ACI,193.0,193.0,191.3,191.7,192.4,191.5,338.0,8.505,44237.0
2020-06-22,ACI,191.9,193.9,189.5,191.5,191.5,191.5,458.0,10.401,54425.0
2020-06-21,ACI,190.4,193.3,190.2,192.5,191.5,192.5,329.0,5.245,27259.0
2020-06-18,ACI,192.2,193.0,185.2,186.0,192.5,185.9,573.0,8.918,46887.0
2020-06-17,ACI,186.0,186.0,184.0,185.0,185.9,186.0,166.0,6.504,35109.0
2020-06-16,ACI,186.5,187.0,182.7,185.8,186.0,185.8,318.0,4.181,22690.0
2020-06-15,ACI,186.1,190.7,183.0,183.0,185.8,190.5,297.0,4.349,23159.0
2020-06-14,ACI,190.4,197.0,189.6,194.1,190.5,194.1,289.0,4.572,23952.0
2020-06-11,ACI,193.5,196.0,187.2,189.1,194.1,189.1,399.0,5.534,28739.0
2020-06-10,ACI,190.3,192.1,186.2,188.0,189.1,192.1,407.0,6.084,32246.0
2020-06-09,ACI,195.1,195.5,190.6,191.6,192.1,190.4,529.0,25.471,132149.0
2020-06-08,ACI,190.1,195.0,189.7,194.4,190.4,194.4,444.0,6.733,35231.0
2020-06-07,ACI,194.8,198.6,186.0,190.0,194.4,192.0,423.0,8.09,41768.0
2020-06-04,ACI,194.0,196.3,191.0,196.3,192.0,196.3,273.0,2.968,15371.0
2020-06-03,ACI,196.4,204.0,196.0,201.5,196.3,202.5,410.0,7.187,36207.0
2020-06-02,ACI,205.0,210.4,200.0,210.1,202.5,209.6,587.0,11.603,56786.0
2020-06-01,ACI,211.9,228.0,208.2,224.0,209.6,216.2,1128.0,28.923,131834.0
2020-05-31,ACI,216.2,216.2,198.8,198.8,216.2,196.6,362.0,17.208,79709.0
2020-03-25,ACI,196.3,200.0,189.1,190.2,196.6,193.0,679.0,14.261,72685.0
2020-03-24,ACI,194.1,201.9,187.0,201.0,193.0,202.2,542.0,10.013,52434.0
2020-03-23,ACI,199.5,207.0,191.0,194.7,202.2,190.3,996.0,27.295,135890.0
2020-03-22,ACI,192.8,193.9,180.9,180.9,190.3,181.7,556.0,15.368,83278.0
2020-03-19,ACI,181.0,182.0,181.0,181.0,181.7,168.4,34.0,1.851,10186.0
2020-03-18,ACI,168.6,182.0,167.0,177.0,168.4,175.4,423.0,8.28,48260.0
2020-03-16,ACI,177.0,183.5,174.2,183.5,175.4,181.2,415.0,7.705,43564.0
2020-03-15,ACI,183.0,188.0,173.4,188.0,181.2,189.9,384.0,7.378,41301.0
2020-03-12,ACI,190.0,192.0,183.3,192.0,189.9,189.4,371.0,5.414,28919.0
2020-03-11,ACI,190.0,195.0,179.0,180.0,189.4,179.8,611.0,8.017,42684.0
2020-03-10,ACI,179.5,180.1,174.0,174.0,179.8,172.7,291.0,4.062,22798.0
2020-03-09,ACI,172.6,179.9,170.0,179.9,172.7,179.9,433.0,9.885,57015.0
2020-03-08,ACI,179.5,184.9,179.1,181.0,179.9,181.9,172.0,2.978,16540.0
2020-03-05,ACI,183.5,183.8,179.0,180.0,181.9,181.1,114.0,2.248,12413.0
2020-03-04,ACI,182.0,184.6,180.5,184.6,181.1,180.8,225.0,2.593,14283.0
2020-03-03,ACI,182.0,188.0,175.5,183.0,180.8,183.0,343.0,6.995,38340.0
2020-03-02,ACI,185.0,186.7,180.2,182.7,183.0,182.4,265.0,2.439,13297.0
2020-03-01,ACI,182.2,186.8,180.1,186.8,182.4,186.8,193.0,3.03,16553.0
2020-02-27,ACI,187.0,189.9,186.0,189.0,186.8,189.1,190.0,2.711,14418.0
2020-02-26,ACI,188.7,192.8,188.4,190.2,189.1,190.6,207.0,2.56,13499.0
2020-02-25,ACI,189.1,192.0,187.5,188.0,190.6,188.9,195.0,3.18,16733.0
2020-02-24,ACI,189.8,195.8,185.0,194.5,188.9,194.5,329.0,5.679,30196.0
2020-02-23,ACI,194.2,198.0,193.0,195.5,194.5,194.3,207.0,2.746,14091.0
2020-02-20,ACI,193.0,203.0,191.0,199.0,194.3,196.1,490.0,9.348,47578.0
2020-02-19,ACI,196.0,201.9,195.0,199.4,196.1,201.6,406.0,6.517,32910.0
2020-02-18,ACI,200.0,209.8,192.0,205.0,201.6,202.0,579.0,13.593,66058.0
2020-02-17,ACI,201.5,206.0,197.5,201.0,202.0,198.6,618.0,14.167,70215.0
2020-02-16,ACI,198.6,199.1,183.7,183.7,198.6,181.1,665.0,13.393,68453.0
2020-02-13,ACI,182.5,183.1,180.0,180.0,181.1,179.2,241.0,7.179,39487.0
2020-02-12,ACI,180.2,181.0,178.0,180.5,179.2,180.6,362.0,7.123,39706.0
2020-02-11,ACI,180.4,182.2,180.3,182.0,180.6,178.3,118.0,1.887,10424.0
2020-02-10,ACI,177.5,180.1,177.0,179.5,178.3,179.3,98.0,1.879,10493.0
2020-02-09,ACI,178.1,182.2,178.1,179.9,179.3,179.9,254.0,5.165,28537.0
2020-02-06,ACI,181.0,182.7,179.0,180.0,179.9,180.9,205.0,2.666,14785.0
2020-02-05,ACI,180.6,185.0,179.2,180.0,180.9,177.5,316.0,3.586,19837.0
2020-02-04,ACI,179.0,179.8,173.0,175.2,177.5,175.8,306.0,4.357,24514.0
2020-02-03,ACI,179.0,183.0,174.0,182.0,175.8,180.9,543.0,7.617,42893.0
2020-02-02,ACI,180.2,185.0,180.0,182.9,180.9,182.9,280.0,4.967,27240.0
2020-01-30,ACI,183.4,198.0,180.0,195.0,182.9,198.0,665.0,10.481,57100.0
2020-01-29,ACI,197.0,199.0,194.2,196.1,198.0,196.8,251.0,6.228,31662.0
2020-01-28,ACI,196.0,199.1,196.0,198.0,196.8,197.9,272.0,3.622,18353.0
2020-01-27,ACI,199.0,200.9,195.1,200.9,197.9,201.1,321.0,7.495,37763.0
2020-01-26,ACI,200.1,204.8,197.0,201.0,201.1,199.8,667.0,9.776,48331.0
2020-01-23,ACI,200.0,200.0,185.0,185.0,199.8,189.1,720.0,22.244,111920.0
2020-01-22,ACI,191.7,191.7,187.5,188.3,189.1,190.3,308.0,4.105,21630.0
2020-01-21,ACI,193.3,193.7,188.1,191.0,190.3,193.1,372.0,5.808,30436.0
2020-01-20,ACI,193.1,194.5,189.3,193.0,193.1,189.9,341.0,9.148,47833.0
2020-01-19,ACI,189.0,193.1,186.1,187.9,189.9,182.9,533.0,13.254,69736.0
2020-01-16,ACI,183.0,183.0,178.2,178.8,182.9,178.8,217.0,4.236,23344.0
2020-01-15,ACI,178.0,181.8,178.0,180.3,178.8,178.2,123.0,1.83,10195.0
2020-01-14,ACI,176.1,183.2,175.0,180.5,178.2,181.6,339.0,6.321,35675.0
2020-01-13,ACI,182.0,189.0,180.0,189.0,181.6,185.4,248.0,5.689,31123.0
2020-01-12,ACI,185.5,186.8,182.0,182.1,185.4,182.9,139.0,4.345,23459.0
2020-01-09,ACI,182.6,184.2,182.5,184.2,182.9,184.2,206.0,4.432,24220.0
2020-01-08,ACI,185.3,188.0,183.9,188.0,184.2,186.2,166.0,2.884,15601.0
2020-01-07,ACI,187.0,187.7,185.1,186.1,186.2,186.0,258.0,6.176,33104.0
2020-01-06,ACI,185.8,193.0,185.0,190.0,186.0,191.1,369.0,6.244,33163.0
2020-01-05,ACI,191.1,193.0,189.1,190.4,191.1,195.7,304.0,6.719,35202.0
2020-01-02,ACI,196.9,199.0,184.0,184.0,195.7,182.6,584.0,11.053,57173.0
2020-01-01,ACI,182.6,182.8,181.0,181.0,182.6,181.5,608.0,11.838,64916.0
2019-12-30,ACI,181.2,182.6,181.0,182.6,181.5,181.2,451.0,8.527,47011.0
2019-12-29,ACI,181.5,184.5,180.7,183.6,181.2,184.1,462.0,7.84,43023.0
2019-12-26,ACI,183.9,186.3,183.4,183.5,184.1,183.1,238.0,3.259,17684.0
2019-12-24,ACI,183.4,187.3,183.0,187.3,183.1,184.0,352.0,7.209,39255.0
2019-12-23,ACI,183.5,185.3,183.2,185.0,184.0,185.3,175.0,1.581,8574.0
2019-12-22,ACI,184.5,187.8,184.5,185.6,185.3,186.9,151.0,1.39,7472.0
2019-12-19,ACI,187.9,189.9,186.0,189.9,186.9,186.7,178.0,2.374,12659.0
2019-12-18,ACI,186.0,190.0,183.2,188.5,186.7,190.4,245.0,3.399,18325.0
2019-12-17,ACI,191.3,195.0,188.9,190.9,190.4,190.7,242.0,3.737,19579.0
2019-12-15,ACI,190.0,191.6,189.0,191.6,190.7,190.8,246.0,3.554,18647.0
2019-12-12,ACI,190.0,193.9,189.1,193.0,190.8,192.4,360.0,6.804,35400.0
2019-12-11,ACI,192.8,198.0,190.0,192.9,192.4,192.9,195.0,2.193,11356.0
2019-12-10,ACI,191.0,204.5,191.0,200.1,192.9,199.9,423.0,5.18,26304.0
2019-12-09,ACI,202.0,205.3,198.0,205.3,199.9,207.2,379.0,4.492,22348.0
2019-12-08,ACI,205.6,222.8,200.0,218.9,207.2,218.7,435.0,6.761,32103.0
2019-12-05,ACI,216.0,226.7,216.0,221.3,218.7,224.0,402.0,4.465,20261.0
2019-12-04,ACI,225.0,230.0,217.0,230.0,224.0,272.5,653.0,10.038,44924.0
2019-12-03,ACI,0.0,0.0,0.0,0.0,272.5,272.5,0.0,0.0,0.0
2019-12-02,ACI,268.0,277.0,266.1,277.0,272.5,274.6,656.0,17.952,65591.0
2019-12-01,ACI,271.9,275.5,270.9,274.0,274.6,271.9,639.0,15.848,58004.0
2019-11-28,ACI,273.4,274.0,261.2,267.0,271.9,265.9,948.0,23.514,87123.0
2019-11-27,ACI,267.1,270.0,260.1,269.0,265.9,268.1,656.0,12.951,49102.0
2019-11-26,ACI,269.9,272.0,261.0,261.0,268.1,262.3,772.0,19.332,72062.0
2019-11-25,ACI,260.0,266.1,246.0,246.0,262.3,244.7,1225.0,22.814,88682.0
2019-11-24,ACI,245.0,247.5,236.3,236.3,244.7,235.7,545.0,9.265,38165.0
2019-11-21,ACI,236.5,238.0,230.5,231.0,235.7,231.3,458.0,6.479,27555.0
2019-11-20,ACI,233.0,234.9,230.0,230.3,231.3,230.3,607.0,13.291,57222.0
2019-11-19,ACI,233.0,233.9,229.5,233.8,230.3,230.2,312.0,5.053,21938.0
2019-11-18,ACI,229.7,236.5,229.5,236.5,230.2,233.9,504.0,9.935,42806.0
2019-11-17,ACI,234.0,237.9,227.1,231.3,233.9,232.9,329.0,4.651,20048.0
2019-11-14,ACI,233.0,236.1,230.1,232.5,232.9,232.5,345.0,5.358,22998.0
2019-11-13,ACI,234.0,240.0,230.0,240.0,232.5,242.5,354.0,6.714,28626.0
2019-11-12,ACI,243.0,270.0,233.7,234.9,242.5,229.2,1382.0,43.682,173261.0
2019-11-11,ACI,229.1,249.0,227.0,248.0,229.2,237.9,395.0,5.941,25389.0
2019-11-07,ACI,245.5,246.0,226.2,226.2,237.9,227.8,437.0,4.813,20467.0
2019-11-06,ACI,229.0,232.0,222.4,222.4,227.8,223.9,403.0,5.408,23700.0
2019-11-05,ACI,225.0,225.9,222.5,225.0,223.9,224.6,114.0,1.471,6563.0
2019-11-04,ACI,226.0,227.8,222.6,226.0,224.6,224.1,185.0,2.171,9664.0
2019-11-03,ACI,224.9,224.9,217.7,217.7,224.1,217.7,149.0,1.822,8165.0
2019-10-31,ACI,223.7,223.7,215.5,215.5,217.7,217.7,119.0,1.126,5190.0
2019-10-30,ACI,216.2,218.9,210.3,216.2,217.7,219.4,259.0,3.891,18063.0
2019-10-29,ACI,218.1,227.5,218.0,227.0,219.4,226.4,166.0,1.967,8849.0
2019-10-28,ACI,226.0,230.3,226.0,230.3,226.4,231.9,135.0,1.484,6517.0
2019-10-27,ACI,232.0,235.0,227.0,229.0,231.9,229.7,167.0,2.124,9163.0
2019-10-24,ACI,233.9,233.9,219.9,219.9,229.7,217.8,140.0,1.475,6512.0
2019-10-23,ACI,220.0,222.0,214.0,219.3,217.8,219.3,183.0,1.692,7755.0
2019-10-22,ACI,217.7,225.1,217.5,225.1,219.3,227.0,310.0,3.165,14375.0
2019-10-21,ACI,225.0,231.5,225.0,230.1,227.0,229.7,129.0,1.056,4626.0
2019-10-20,ACI,229.2,233.0,229.1,229.1,229.7,228.9,101.0,1.35,5853.0
2019-10-17,ACI,228.9,231.0,225.3,228.0,228.9,229.9,136.0,1.291,5654.0
2019-10-16,ACI,230.1,238.0,226.1,238.0,229.9,236.1,192.0,3.275,14147.0
2019-10-15,ACI,238.0,239.4,231.6,235.0,236.1,230.1,288.0,4.607,19730.0
2019-10-14,ACI,230.3,241.0,229.1,241.0,230.1,240.4,420.0,8.181,35417.0
2019-10-13,ACI,240.0,248.2,239.1,248.2,240.4,250.1,205.0,1.924,7940.0
2019-10-10,ACI,251.0,253.7,248.1,253.7,250.1,253.7,98.0,1.747,6983.0
2019-10-09,ACI,254.0,255.0,251.2,251.3,253.7,253.8,185.0,2.974,11790.0
2019-10-07,ACI,252.1,257.9,252.1,256.2,253.8,256.5,110.0,1.151,4525.0
2019-10-06,ACI,256.1,259.3,255.0,255.1,256.5,257.6,85.0,0.635,2460.0
2019-10-03,ACI,257.0,259.0,250.0,250.3,257.6,255.5,93.0,0.973,3813.0
2019-10-02,ACI,253.0,260.0,253.0,257.7,255.5,260.3,201.0,1.854,7212.0
2019-10-01,ACI,258.0,262.0,258.0,259.5,260.3,255.2,148.0,1.629,6252.0
2019-09-30,ACI,256.0,263.7,255.0,260.3,255.2,259.1,205.0,3.728,14571.0
2019-09-29,ACI,258.5,269.7,258.3,264.9,259.1,257.6,148.0,2.181,8348.0
2019-09-26,ACI,257.0,267.5,257.0,259.0,257.6,259.9,250.0,3.766,14549.0
2019-09-25,ACI,261.2,261.9,258.1,261.9,259.9,261.8,189.0,2.384,9161.0
2019-09-24,ACI,265.0,266.0,260.6,264.9,261.8,264.8,169.0,3.178,12082.0
2019-09-23,ACI,264.2,271.5,264.0,269.8,264.8,264.1,171.0,3.303,12419.0
2019-09-22,ACI,266.0,266.6,260.3,262.9,264.1,262.9,130.0,2.654,9994.0
2019-09-19,ACI,264.0,268.1,260.6,262.3,262.9,262.3,104.0,1.562,5913.0
2019-09-18,ACI,264.0,270.0,261.0,268.6,262.3,269.6,222.0,2.299,8714.0
2019-09-17,ACI,270.0,272.5,269.2,271.6,269.6,270.6,126.0,2.53,9366.0
2019-09-16,ACI,271.7,271.8,268.7,269.6,270.6,269.1,165.0,2.264,8393.0
2019-09-15,ACI,269.0,274.0,268.3,274.0,269.1,269.6,143.0,2.427,9001.0
2019-09-12,ACI,271.7,276.0,268.0,276.0,269.6,272.7,201.0,3.991,14783.0
2019-09-11,ACI,274.6,277.8,272.0,277.8,272.7,276.7,211.0,3.036,11090.0
2019-09-09,ACI,277.0,279.9,275.0,279.9,276.7,280.4,181.0,2.155,7774.0
2019-09-08,ACI,279.5,282.0,279.5,281.8,280.4,281.8,170.0,3.39,12071.0
2019-09-05,ACI,284.4,288.0,277.3,277.4,281.8,277.3,192.0,3.778,13332.0
2019-09-04,ACI,288.0,288.0,273.2,275.1,277.3,274.9,203.0,5.153,18665.0
2019-09-03,ACI,275.8,279.8,270.1,270.1,274.9,274.0,199.0,2.521,9190.0
2019-09-02,ACI,275.0,283.8,270.0,281.3,274.0,281.3,376.0,5.689,20514.0
2019-09-01,ACI,282.0,286.1,280.6,286.1,281.3,286.1,235.0,3.268,11569.0
2019-08-29,ACI,288.0,288.8,284.1,287.5,286.1,288.9,204.0,4.055,14185.0
2019-08-28,ACI,290.0,296.6,285.0,296.6,288.9,296.5,351.0,4.778,16468.0
2019-08-27,ACI,295.0,299.8,283.0,284.1,296.5,283.0,405.0,7.028,24123.0
2019-08-26,ACI,284.0,292.4,280.0,292.4,283.0,292.4,428.0,5.31,18774.0
2019-08-25,ACI,290.1,301.0,288.0,298.9,292.4,295.6,363.0,5.194,17758.0
2019-08-22,ACI,296.9,300.9,292.0,292.0,295.6,291.8,333.0,7.599,25638.0
2019-08-21,ACI,290.0,309.0,290.0,303.7,291.8,303.7,669.0,10.61,35550.0
2019-08-20,ACI,301.0,319.5,300.0,319.5,303.7,318.4,846.0,20.275,65865.0
2019-08-19,ACI,318.0,328.8,310.0,310.0,318.4,302.4,1339.0,42.802,134059.0
2019-08-18,ACI,302.4,302.4,278.1,278.1,302.4,278.1,766.0,21.654,73634.0
2019-08-08,ACI,278.5,279.4,269.1,272.2,278.1,272.2,447.0,10.202,36986.0
2019-08-07,ACI,274.0,279.0,260.0,260.0,272.2,259.6,534.0,10.105,37257.0
2019-08-06,ACI,258.0,260.8,253.0,255.9,259.6,253.5,275.0,5.393,20964.0
2019-08-05,ACI,255.5,255.9,252.0,253.1,253.5,251.6,147.0,2.314,9122.0
2019-08-04,ACI,252.1,260.0,251.0,258.1,251.6,258.0,186.0,4.477,17663.0
